{"cameraMode":{"drawMode":0,"name":"Shaded","section":"Shading Mode"},"sceneLighting":true,"audioPlay":false,"sceneViewState":{"showFog":true,"showMaterialUpdate":false,"showSkybox":true,"showFlares":true,"showImageEffects":true,"showParticleSystems":true},"in2DMode":false,"pivot":{"x":3.9710276126861574,"y":12.825057029724121,"z":-9.164422988891602},"rotation":{"x":-0.006308280397206545,"y":0.024599948897957803,"z":-0.00011133298539789394,"w":-0.99970942735672},"size":69.8477554321289,"orthographic":false}