{"cameraMode":{"drawMode":0,"name":"Shaded","section":"Shading Mode"},"sceneLighting":true,"audioPlay":false,"sceneViewState":{"showFog":true,"showMaterialUpdate":false,"showSkybox":true,"showFlares":true,"showImageEffects":true,"showParticleSystems":true},"in2DMode":false,"pivot":{"x":1.9493416547775269,"y":-9.542973518371582,"z":-14.264878273010254},"rotation":{"x":-0.09723086655139923,"y":-0.876600980758667,"z":0.4270266592502594,"w":-0.19955474138259889},"size":23.048248291015626,"orthographic":false}