{"cameraMode":{"drawMode":0,"name":"Shaded","section":"Shading Mode"},"sceneLighting":true,"audioPlay":false,"sceneViewState":{"showFog":true,"showMaterialUpdate":false,"showSkybox":true,"showFlares":true,"showImageEffects":true,"showParticleSystems":true},"in2DMode":false,"pivot":{"x":0.10542252659797669,"y":2.191586971282959,"z":-6.563168525695801},"rotation":{"x":-0.009962616488337517,"y":-0.9847973585128784,"z":0.16278159618377686,"w":-0.06067700684070587},"size":2.584803342819214,"orthographic":false}