{"cameraMode":{"drawMode":0,"name":"Shaded","section":"Shading Mode"},"sceneLighting":true,"audioPlay":false,"sceneViewState":{"showFog":true,"showMaterialUpdate":false,"showSkybox":true,"showFlares":true,"showImageEffects":true,"showParticleSystems":true},"in2DMode":false,"pivot":{"x":3.7769274711608888,"y":-0.2662070393562317,"z":8.142552375793457},"rotation":{"x":-0.21077169477939607,"y":-0.6435720920562744,"z":0.19085146486759187,"w":-0.7106450200080872},"size":8.008371353149414,"orthographic":false}